"fornavn"	"Personer 2013"	"Personer 2014"	"Personer 2015"	"Personer 2016"	"Personer 2017"	"Personer 2018"	"Personer 2019"	"Personer 2020"	"Personer 2021"	"Personer 2022"	"Personer 2023"
"Aagot"	331	309	291	264	248	231	215	201	.	.	.
"Aase"	4049	3872	3711	3575	3421	3268	3122	2997	2963	2835	2712
"Aashild"	343	337	327	315	304	293	287	282	273	262	253
"Aasta"	369	352	323	312	293	270	256	248	238	223	212
"Abigail"	.	.	.	.	.	.	214	226	250	270	299
"Ada"	2013	2098	2212	2351	2511	2752	3026	3251	3617	3857	4130
"Adele"	848	899	934	969	998	1036	1072	1090	1080	1137	1171
"Adelen"	.	.	207	256	295	331	353	380	212	384	392
"Adelina"	.	.	.	.	.	.	204	218	235	271	314
"Adriana"	488	530	565	594	609	629	651	661	708	726	754
"Agata"	383	423	455	477	495	514	519	534	559	585	600
"Agathe"	307	316	319	327	334	335	341	346	354	354	362
"Agne"	.	225	231	232	240	243	243	250	239	253	254
"Agnes"	3288	3303	3282	3273	3252	3279	3314	3356	3449	3499	3527
"Agnete"	550	552	549	541	543	541	545	548	555	554	554
"Agnethe"	431	430	436	431	427	431	428	428	430	428	426
"Agnieszka"	1292	1414	1504	1548	1588	1627	1647	1648	1681	1719	1760
"Aida"	556	583	599	617	638	652	659	669	686	695	707
"Aileen"	206	206	210	222	230	236	246	247	247	250	254
"Ailin"	342	345	353	358	364	370	372	377	387	389	394
"Aimee"	.	.	.	.	.	.	.	.	.	202	202
"Aina"	3970	3972	3973	3966	3958	3946	3932	3931	3996	3991	3987
"Aisha"	633	687	725	800	869	908	937	969	1002	1046	1092
"Alaa"	.	.	.	.	.	.	.	.	.	.	215
"Alba"	.	.	208	237	267	292	322	351	408	464	513
"Aleksandra"	1252	1387	1475	1530	1585	1641	1695	1756	1826	1910	2030
"Alette"	277	285	287	292	295	296	296	299	308	312	317
"Alexandra"	2073	2153	2245	2308	2374	2467	2532	2575	2702	2765	2827
"Alfhild"	1133	1068	1000	951	889	834	790	742	698	656	616
"Alia"	.	.	.	.	.	.	.	.	.	200	203
"Alice"	1336	1356	1402	1441	1462	1488	1515	1538	1573	1611	1654
"Alicia"	259	273	316	329	350	372	402	412	433	438	457
"Alicja"	337	371	395	418	436	445	465	465	486	514	533
"Alida"	523	548	592	622	640	671	699	724	750	768	788
"Alina"	754	839	1009	1082	1137	1206	1261	1320	1436	1728	2000
"Aline"	.	210	225	241	253	270	291	301	315	324	332
"Alisa"	207	218	237	252	265	282	302	321	349	491	595
"Alise"	476	484	496	504	517	528	536	548	561	580	596
"Alla"	.	.	.	.	.	.	.	.	.	310	450
"Alma"	1736	1883	2047	2242	2468	2655	2890	3095	3396	3642	3920
"Alona"	.	.	.	.	.	.	.	.	.	.	313
"Alva"	1073	1183	1267	1359	1463	1564	1641	1741	1827	1897	1971
"Alvhild"	540	519	502	485	470	452	432	412	387	358	341
"Alvilde"	332	352	367	389	405	417	431	453	468	479	492
"Amal"	327	351	394	432	480	505	526	541	562	579	605
"Amalia"	.	.	.	.	.	.	202	212	231	244	252
"Amalie"	6409	6683	6923	7130	7348	7616	7860	8094	8376	8582	8795
"Amanda"	3035	3200	3344	3525	3664	3825	4013	4169	4385	4532	4673
"Amelia"	703	807	919	1051	1179	1302	1449	1593	1737	1897	2077
"Amelie"	203	236	258	277	299	309	337	342	244	376	390
"Amina"	1003	1060	1127	1191	1264	1315	1356	1383	1420	1488	1551
"Amira"	279	300	334	368	403	445	474	496	524	563	601
"Amna"	210	224	231	244	254	266	274	280	287	301	315
"Amy"	376	378	385	393	404	412	431	433	458	461	467
"Ana"	961	1049	1154	1208	1240	1301	1375	1430	1607	1684	1749
"Anastasia"	298	313	330	351	374	394	423	446	470	541	569
"Anastasiia"	.	.	.	.	.	.	.	.	.	745	1330
"Anbjørg"	366	352	343	333	328	317	308	300	286	275	267
"Andrea"	6917	7070	7193	7289	7391	7496	7598	7705	7756	7912	8006
"Andreea"	.	.	.	.	.	.	.	.	.	235	246
"Andrine"	1561	1596	1616	1638	1662	1670	1680	1691	1714	1726	1730
"Ane"	4080	4156	4196	4233	4269	4313	4341	4373	4548	4572	4607
"Aneta"	359	392	437	445	451	457	457	467	490	500	515
"Anett"	506	512	518	515	513	514	519	515	527	527	528
"Anette"	8531	8536	8538	8524	8501	8490	8483	8479	8472	8455	8443
"Angela"	466	465	480	494	510	534	550	546	570	596	600
"Angelica"	987	1036	1084	1111	1139	1159	1171	1192	1208	1240	1259
"Angelika"	361	387	422	431	455	463	484	484	499	515	533
"Angelina"	291	306	323	338	346	359	370	377	385	411	431
"Anine"	1040	1065	1082	1094	1111	1118	1131	1138	1166	1183	1190
"Anisa"	209	219	237	241	249	256	266	265	275	282	284
"Anita"	14633	14643	14646	14626	14601	14591	14581	14553	14581	14542	14513
"Anja"	3521	3538	3564	3573	3585	3600	3616	3629	3702	3709	3706
"Anlaug"	430	425	412	398	388	376	366	350	343	330	320
"Ann"	12699	12657	12606	12568	12537	12486	12459	12392	19732	19637	19537
"Ann-Christin"	443	448	449	453	451	450	448	447	.	.	.
"Ann-Helen"	542	539	542	542	541	539	537	534	.	.	.
"Ann-Karin"	558	554	550	548	548	549	544	542	.	.	.
"Ann-Kristin"	1917	1918	1912	1905	1906	1899	1893	1885	.	.	.
"Ann-Mari"	682	679	672	667	668	665	663	659	.	.	.
"Anna"	18385	18672	18852	18798	18779	18807	18852	18944	19778	20394	20837
"Annabelle"	.	.	.	.	.	.	.	206	214	223	229
"Annbjørg"	941	931	917	910	891	882	865	858	847	830	807
"Anne"	62247	61847	61394	60913	60395	59895	59359	58852	70752	69949	69146
"Anne-Berit"	387	387	386	384	382	381	380	377	.	.	.
"Anne-Brit"	209	206	203	201	201	.	.	.	.	.	.
"Anne-Britt"	478	476	473	470	471	470	464	461	.	.	.
"Anne-Grete"	447	449	447	446	445	444	442	438	.	.	.
"Anne-Grethe"	791	789	784	776	777	764	763	760	.	.	.
"Anne-Kari"	210	209	210	210	210	207	207	205	.	.	.
"Anne-Karin"	595	587	577	578	572	564	558	548	.	.	.
"Anne-Kristin"	220	219	217	218	215	212	211	207	.	.	.
"Anne-Lene"	240	241	242	241	242	242	242	241	.	.	.
"Anne-Lise"	3112	3077	3049	3014	2975	2920	2868	2814	.	.	.
"Anne-Mari"	358	356	353	349	344	342	332	323	.	.	.
"Anne-Marie"	1367	1356	1335	1309	1278	1244	1219	1191	.	.	.
"Anne-Marit"	301	300	295	297	298	297	295	291	.	.	.
"Anne-Mette"	382	379	379	382	382	381	380	378	.	.	.
"Anne-Sofie"	316	315	312	310	309	308	305	304	.	.	.
"Anneli"	592	601	609	613	617	623	634	636	636	635	634
"Annelin"	.	.	.	.	.	.	.	.	.	202	202
"Annelise"	426	429	422	423	425	422	421	415	407	400	394
"Annette"	2410	2408	2409	2404	2402	2396	2401	2403	2409	2414	2413
"Anni"	497	496	492	496	490	486	487	477	498	493	492
"Annie"	1290	1282	1266	1257	1247	1233	1236	1231	1277	1257	1263
"Annika"	1055	1062	1070	1073	1100	1105	1121	1140	1163	1179	1190
"Anniken"	2638	2649	2666	2686	2688	2698	2706	2719	2731	2733	2729
"Annlaug"	557	551	544	539	531	525	522	510	493	487	475
"Anny"	2308	2235	2150	2080	1996	1934	1872	1807	1777	1718	1666
"Antonia"	.	.	.	.	.	.	.	203	211	225	231
"Antonina"	.	.	.	.	.	.	.	.	.	217	272
"Aria"	.	.	.	228	302	370	434	503	589	645	714
"Ariana"	265	293	332	353	381	415	438	470	495	526	563
"Ariel"	298	325	352	394	424	452	481	516	547	572	594
"Arina"	.	.	.	.	.	.	.	.	.	236	315
"Arna"	708	681	654	632	612	589	578	553	543	518	502
"Arnhild"	1436	1418	1402	1376	1341	1312	1282	1260	1242	1227	1202
"Arya"	.	.	.	.	.	.	.	.	.	242	262
"Asbjørg"	1356	1322	1253	1200	1146	1083	1036	993	938	895	853
"Asha"	243	247	254	255	253	251	247	254	249	244	249
"Aslaug"	4021	3799	3604	3374	3172	3027	2857	2701	2547	2386	2245
"Asma"	219	221	240	258	266	271	274	295	305	309	319
"Asta"	864	856	816	780	766	741	732	718	723	719	723
"Astri"	2059	2032	2008	1987	1966	1950	1932	1918	1915	1902	1883
"Astrid"	18120	17881	17602	17416	17187	16928	16769	16595	16519	16296	16159
"Aud"	12118	11951	11746	11534	11318	11105	10874	10618	10639	10358	10054
"Audhild"	1048	1039	1033	1024	1013	1002	986	980	970	957	946
"Audny"	253	245	240	239	234	231	227	224	217	211	200
"Aurelia"	.	.	.	.	.	.	.	.	.	.	211
"Aurora"	3457	3668	3914	4153	4375	4580	4780	4966	5207	5412	5651
"Ausra"	.	.	.	.	201	210	217	216	215	215	217
"Ava"	229	254	292	349	384	448	480	537	589	635	686
"Aya"	.	207	231	295	362	416	449	476	505	551	591
"Ayan"	280	292	300	312	321	324	324	324	326	324	317
"Ayesha"	.	.	.	.	.	.	.	.	.	205	212
"Ayla"	221	241	246	259	279	297	321	347	390	427	463
"Aylin"	.	.	.	209	228	238	256	273	287	300	324
"Ayse"	296	295	302	304	308	308	314	317	323	335	342
"Azra"	.	.	.	204	207	214	224	231	238	249	250
"Barbara"	873	913	947	955	972	963	991	1005	1014	1033	1037
"Barbro"	1148	1140	1138	1130	1122	1119	1117	1112	1113	1100	1091
"Beata"	616	668	688	707	722	726	740	746	760	775	786
"Beate"	4451	4450	4449	4434	4433	4424	4414	4409	4426	4412	4412
"Beathe"	685	679	678	679	675	676	677	675	682	680	677
"Beatrice"	331	340	347	361	361	373	386	397	405	431	446
"Belinda"	355	360	359	366	374	376	373	376	381	378	379
"Bella"	.	.	.	.	200	225	254	281	319	344	382
"Benedicte"	2707	2725	2725	2741	2743	2736	2732	2739	2736	2740	2730
"Benedikte"	1404	1411	1414	1417	1422	1427	1427	1426	1424	1424	1421
"Bente"	16447	16420	16370	16315	16265	16200	16139	16065	16137	16057	15972
"Benthe"	265	267	266	265	268	263	262	261	264	263	256
"Bergit"	232	223	210	.	.	.	.	.	.	.	.
"Bergliot"	258	242	231	212	.	.	.	.	.	.	.
"Bergljot"	747	699	656	620	587	555	519	482	456	430	408
"Berit"	18543	18292	18040	17788	17500	17202	16894	16577	16300	15922	15542
"Berta"	279	259	247	236	225	211	.	.	.	.	.
"Bertha"	342	314	294	276	256	239	228	216	.	.	.
"Bertine"	375	384	389	403	411	418	417	419	419	418	417
"Betina"	275	280	279	281	279	280	278	277	278	277	277
"Bettina"	694	694	693	693	691	686	689	685	693	693	690
"Betty"	444	436	435	427	417	414	409	408	409	401	397
"Bianca"	374	391	414	432	438	455	470	478	538	557	592
"Bibi"	.	.	.	.	.	.	.	.	.	209	223
"Birgit"	3498	3428	3341	3245	3187	3122	3058	3005	2958	2885	2816
"Birgith"	208	205	203	.	.	.	.	.	.	.	.
"Birgitta"	246	243	243	232	230	231	229	225	220	217	219
"Birgitte"	2664	2668	2669	2672	2664	2661	2662	2661	2669	2664	2657
"Birte"	683	683	683	679	677	674	668	664	674	674	675
"Birthe"	703	697	692	691	687	688	678	671	677	675	669
"Bjørg"	17932	17559	17179	16821	16414	15951	15525	15103	14695	14171	13661
"Bodil"	5908	5844	5773	5694	5634	5559	5468	5388	5306	5207	5109
"Borghild"	2461	2281	2100	1958	1821	1705	1603	1494	1407	1305	1232
"Borgny"	1504	1428	1362	1292	1213	1141	1068	989	927	872	815
"Bozena"	208	218	229	230	233	234	234	239	241	240	237
"Brit"	6205	6145	6082	6017	5951	5864	5804	5732	5783	5688	5583
"Brita"	1963	1930	1904	1874	1844	1805	1778	1743	1724	1688	1662
"Brith"	609	601	595	589	579	574	564	553	584	576	565
"Britt"	7640	7602	7547	7507	7450	7391	7327	7245	7686	7621	7531
"Britta"	213	212	204	.	.	.	.	.	.	.	.
"Brynhild"	681	668	644	635	616	598	570	551	536	516	502
"Bushra"	.	201	212	230	238	256	261	269	270	278	284
"Camilla"	13618	13662	13695	13691	13695	13698	13704	13714	13772	13761	13762
"Carina"	2540	2556	2553	2555	2550	2540	2540	2543	2565	2566	2559
"Carine"	257	257	259	262	266	267	269	268	269	269	271
"Carla"	235	253	265	281	287	296	310	319	343	364	382
"Carmen"	704	738	767	784	804	817	840	856	906	935	958
"Carolina"	262	279	286	294	299	311	323	336	345	367	380
"Caroline"	5399	5459	5499	5517	5561	5580	5594	5626	5657	5667	5691
"Cassandra"	455	479	504	522	535	552	557	578	593	601	618
"Catharina"	511	513	514	512	509	516	518	516	514	515	512
"Catherine"	486	495	500	508	518	532	538	540	547	547	540
"Cathrin"	332	332	329	329	331	331	333	332	332	332	332
"Cathrine"	6562	6578	6594	6598	6585	6575	6565	6571	6563	6563	6561
"Catrine"	448	447	445	446	444	445	445	445	444	440	440
"Cecilia"	730	746	768	782	792	801	816	814	823	830	834
"Cecilie"	8295	8310	8319	8324	8312	8308	8318	8315	8338	8350	8339
"Celia"	.	.	.	.	.	208	218	228	238	251	258
"Celin"	.	.	.	.	.	.	.	.	.	.	202
"Celina"	1604	1673	1735	1786	1831	1877	1923	1946	1983	1994	2014
"Celine"	3105	3258	3371	3464	3547	3633	3710	3781	3784	3898	3966
"Cesilie"	219	219	219	218	217	213	212	211	209	208	209
"Charlotte"	5982	6044	6104	6146	6171	6203	6244	6273	6335	6364	6397
"Chloe"	.	.	.	.	.	.	.	.	.	232	252
"Christel"	617	624	624	625	626	628	626	624	631	633	632
"Christiane"	428	436	438	436	432	437	438	440	445	454	452
"Christin"	1079	1079	1079	1084	1090	1091	1090	1086	1092	1089	1082
"Christina"	4441	4482	4492	4518	4525	4544	4553	4557	4583	4599	4612
"Christine"	5685	5705	5720	5722	5721	5720	5729	5743	5764	5765	5768
"Cicilie"	229	228	226	226	226	224	222	222	221	220	220
"Cindy"	246	258	258	258	260	262	274	274	282	289	293
"Clara"	390	423	441	467	498	543	594	638	695	724	747
"Claudia"	507	527	545	548	562	587	599	604	639	649	666
"Connie"	837	839	839	837	840	834	830	827	831	826	823
"Cornelia"	862	915	969	1024	1081	1134	1192	1238	1294	1349	1397
"Cristina"	334	370	394	407	409	426	433	439	504	524	546
"Dagfrid"	210	205	203	.	.	.	.	.	.	.	.
"Dagmar"	713	678	650	621	587	548	518	494	466	441	415
"Dagny"	1850	1761	1689	1598	1517	1458	1404	1371	1352	1312	1282
"Dagrun"	701	679	663	647	629	613	601	586	578	564	544
"Daiva"	209	243	256	264	263	271	269	273	275	272	267
"Dalia"	.	.	203	208	224	231	241	247	253	264	271
"Dana"	.	.	.	203	216	224	232	242	253	264	286
"Daniela"	541	571	593	603	635	657	683	688	744	774	808
"Daniella"	249	261	280	298	310	319	330	331	342	349	363
"Danielle"	.	.	.	.	.	.	.	.	.	.	201
"Danuta"	226	241	247	248	239	237	240	238	248	253	252
"Daria"	281	322	346	356	371	387	416	428	455	743	985
"Deborah"	.	.	.	.	.	200	212	219	223	234	238
"Denise"	.	.	.	.	.	.	.	.	.	208	220
"Desiree"	240	243	250	252	249	250	251	247	.	239	241
"Diana"	1094	1173	1227	1285	1321	1351	1409	1458	1546	1781	2006
"Dina"	2095	2132	2164	2205	2235	2260	2295	2324	2405	2435	2465
"Dominika"	240	281	297	310	325	339	362	381	408	441	466
"Dordi"	203	.	.	.	.	.	.	.	.	.	.
"Doris"	534	514	502	497	489	480	464	455	447	435	430
"Dorota"	537	580	599	600	618	622	630	640	657	663	676
"Dorthe"	435	437	433	437	433	430	432	433	439	443	441
"Dorthea"	317	314	311	304	298	301	299	298	292	293	288
"Ea"	.	.	.	219	247	264	281	297	321	337	349
"Ebba"	526	550	583	598	632	674	731	773	829	881	944
"Edda"	.	205	211	215	224	240	244	259	262	276	290
"Edel"	2377	2324	2276	2232	2166	2125	2065	2021	2018	1976	1933
"Eden"	.	.	.	205	217	230	228	243	258	268	275
"Edit"	269	266	255	245	236	228	226	214	209	203	200
"Edita"	251	264	270	268	276	278	287	290	288	292	293
"Edith"	2540	2455	2365	2283	2185	2081	1993	1920	1869	1785	1729
"Edle"	406	401	397	387	380	375	369	360	362	351	344
"Edna"	410	395	378	369	358	344	334	320	320	306	301
"Edny"	205	.	.	.	.	.	.	.	.	.	.
"Edyta"	249	286	301	301	304	315	318	325	334	338	341
"Egle"	216	238	261	270	286	285	295	303	287	287	283
"Eila"	.	.	.	.	.	.	.	.	.	.	204
"Eileen"	574	571	574	584	593	599	602	609	603	620	622
"Eilen"	202	204	205	205	205	206	207	207	.	212	213
"Eilin"	.	202	201	.	.	200	204	205	209	207	207
"Eir"	.	.	.	206	211	223	233	249	274	283	290
"Eira"	679	738	793	859	929	993	1078	1182	1295	1400	1521
"Eiril"	.	.	201	229	254	267	288	298	319	328	342
"Eirill"	.	.	202	208	216	221	226	231	236	238	240
"Eirin"	2667	2678	2686	2688	2703	2712	2721	2734	2750	2754	2761
"Eivor"	378	386	399	417	428	445	463	487	511	519	531
"Ekaterina"	291	302	302	313	315	325	335	341	353	366	365
"Elbjørg"	310	299	290	281	273	260	248	233	220	214	203
"Eldbjørg"	1874	1834	1777	1739	1689	1638	1588	1537	1486	1419	1366
"Eldrid"	490	486	475	467	456	453	442	432	416	407	400
"Elea"	.	.	.	.	208	254	297	320	361	407	428
"Eleah"	.	.	.	.	.	.	.	210	237	257	273
"Elen"	491	486	482	484	476	471	464	457	447	457	457
"Elena"	1898	2015	2123	2204	2286	2393	2457	2519	2661	2781	2863
"Elfrid"	430	420	408	393	382	375	365	346	333	321	307
"Eli"	8299	8228	8146	8053	7985	7893	7811	7743	7954	7858	7764
"Eliana"	.	.	.	.	.	203	234	263	293	331	372
"Elida"	822	889	954	1028	1070	1117	1156	1205	1276	1309	1333
"Elif"	.	.	.	.	.	.	.	.	.	213	226
"Elin"	14655	14641	14604	14591	14554	14540	14516	14476	14531	14502	14444
"Elina"	745	803	855	901	953	1003	1046	1094	1172	1234	1294
"Eline"	4004	4181	4323	4459	4617	4735	4857	4983	5130	5225	5332
"Elinor"	348	348	347	349	342	347	353	356	367	370	369
"Elisa"	695	731	756	780	808	833	853	883	930	960	982
"Elisabet"	910	905	916	908	902	893	884	882	877	864	861
"Elisabeth"	17541	17541	17528	17497	17475	17445	17429	17403	17382	17328	17281
"Elise"	6592	6771	6874	7019	7133	7223	7278	7372	7507	7599	7694
"Eliza"	227	237	245	258	274	296	313	326	337	356	363
"Elizabeth"	1053	1085	1105	1119	1133	1153	1186	1197	1234	1243	1263
"Ella"	3868	4118	4357	4609	4876	5115	5393	5691	6065	6370	6696
"Elle"	.	.	.	.	.	.	211	221	251	254	267
"Ellen"	13277	13156	13038	12911	12811	12694	12587	12449	12693	12560	12418
"Elli"	.	.	.	.	.	.	.	.	.	.	235
"Ellie"	.	.	228	304	390	493	608	714	912	1063	1209
"Ellinor"	2242	2320	2401	2498	2589	2679	2798	2959	3115	3291	3503
"Elly"	545	546	534	515	505	493	493	488	499	491	492
"Elma"	.	.	.	.	201	204	213	217	223	243	253
"Elna"	779	744	715	681	665	622	599	565	555	525	514
"Elsa"	3511	3438	3363	3271	3179	3117	3031	2968	2923	2865	2805
"Else"	12228	11894	11566	11223	10886	10576	10213	9898	10328	9949	9628
"Else-Marie"	298	292	284	275	272	269	265	258	.	.	.
"Elsie"	277	273	268	262	253	253	245	242	247	240	239
"Elvira"	634	702	793	852	899	948	1010	1069	1123	1206	1299
"Elzbieta"	469	486	500	508	512	504	499	492	499	505	509
"Ema"	.	.	.	.	.	.	204	219	230	240	247
"Embla"	554	595	621	651	680	710	746	789	844	888	936
"Emelie"	272	293	297	294	289	299	297	310	317	327	337
"Emely"	.	207	213	218	228	237	241	251	258	261	261
"Emilia"	930	1051	1183	1301	1426	1533	1620	1723	1813	1950	2048
"Emilie"	8871	9238	9537	9840	10122	10421	10659	10964	11285	11506	11746
"Emilija"	.	.	.	.	.	204	222	229	243	256	262
"Emily"	1347	1481	1598	1710	1802	1895	2024	2126	2243	2376	2485
"Emina"	239	247	259	268	273	287	293	301	309	316	325
"Emine"	439	484	530	562	605	626	662	688	714	752	778
"Emma"	9587	10014	10451	10847	11199	11606	12009	12390	13062	13418	13771
"Emmeli"	.	.	.	.	.	.	203	216	232	242	260
"Emmeline"	.	.	.	.	.	.	202	215	226	235	240
"Emmy"	361	372	383	395	407	410	427	434	446	459	481
"Enya"	.	.	.	.	208	219	230	240	252	261	275
"Erica"	576	592	610	624	638	648	657	668	686	696	710
"Erika"	1216	1277	1316	1348	1368	1411	1449	1483	1553	1579	1625
"Erle"	1089	1154	1239	1321	1404	1466	1559	1627	1720	1792	1857
"Erna"	2671	2584	2473	2375	2283	2206	2115	2002	1923	1836	1743
"Ester"	2056	1954	1866	1786	1718	1664	1607	1553	1530	1475	1416
"Esther"	1257	1233	1218	1203	1212	1193	1219	1217	1232	1249	1273
"Eva"	19760	19693	19552	19355	19228	19131	19076	19023	19508	19467	19355
"Evelina"	266	300	334	365	397	420	445	470	504	544	588
"Evelyn"	2058	2057	2038	2018	2012	2003	1990	1978	1964	1957	1962
"Evy"	2628	2613	2598	2576	2558	2540	2520	2494	2589	2563	2522
"Ewa"	811	872	908	938	945	949	974	972	998	1009	1029
"Ewelina"	349	394	428	444	465	474	486	484	500	522	527
"Fadumo"	403	410	439	449	453	456	445	433	433	432	421
"Faiza"	.	.	.	.	.	.	.	.	.	202	208
"Fanny"	595	595	600	605	608	618	621	624	643	646	653
"Farah"	.	.	.	213	234	245	250	255	259	265	277
"Fatemeh"	248	250	276	291	299	301	304	299	296	317	327
"Fatima"	1124	1191	1268	1414	1564	1670	1736	1789	1863	1948	2019
"Fatma"	420	427	442	446	453	460	483	492	494	504	509
"Felicia"	269	292	306	324	333	345	358	364	376	377	387
"Filippa"	442	491	535	602	664	727	778	845	904	974	1041
"Fiona"	234	261	288	314	340	352	361	371	390	411	422
"Fredrikke"	364	378	379	390	401	404	408	412	418	429	435
"Freja"	.	.	.	.	.	.	.	.	.	.	211
"Freya"	.	.	.	.	.	203	238	269	296	336	373
"Frid"	276	281	276	278	278	275	274	272	294	293	291
"Frida"	6367	6616	6837	7043	7274	7524	7757	8025	8397	8652	8904
"Fride"	572	589	608	619	646	662	673	686	707	713	730
"Frøya"	485	529	581	640	697	757	822	893	1004	1113	1203
"Frøydis"	1658	1649	1643	1639	1631	1624	1614	1607	1599	1584	1568
"Gabija"	.	.	.	.	.	.	.	.	.	.	203
"Gabriela"	421	457	483	511	526	562	577	607	642	681	714
"Gabriele"	232	256	280	292	296	314	329	332	337	351	361
"Gabriella"	343	357	391	409	422	434	435	443	459	488	496
"Gabrielle"	233	250	255	264	275	277	287	291	296	305	312
"Galina"	278	286	294	298	307	309	313	315	315	332	329
"Gerd"	14713	14298	13834	13405	12935	12484	12045	11632	11441	10961	10536
"Gerda"	790	753	703	668	643	608	583	549	534	502	476
"Gina"	1658	1658	1656	1665	1668	1671	1673	1670	1700	1707	1711
"Gine"	203	202	203	205	205	206	207	204	212	211	211
"Gintare"	.	.	.	.	206	222	232	228	228	235	242
"Gitte"	570	571	570	571	568	570	572	576	583	582	578
"Gjertrud"	1098	1076	1046	1025	996	968	941	919	901	876	853
"Gloria"	230	245	246	251	257	259	269	283	298	309	312
"Grace"	297	302	311	318	330	350	359	359	385	404	422
"Grazyna"	211	218	222	233	233	231	222	219	221	223	228
"Greta"	1858	1848	1834	1826	1817	1790	1774	1756	1762	1730	1698
"Grete"	9185	9110	9033	8952	8867	8753	8649	8542	8491	8368	8254
"Gretha"	571	564	550	538	526	520	509	499	492	475	452
"Grethe"	9638	9550	9449	9324	9209	9067	8944	8815	8761	8603	8449
"Gro"	7939	7903	7871	7833	7802	7770	7735	7694	7914	7873	7824
"Gry"	4201	4194	4188	4181	4168	4164	4154	4141	4310	4308	4294
"Gudny"	420	408	393	376	363	353	335	322	309	301	286
"Gudrun"	3246	3037	2876	2719	2531	2389	2240	2108	1992	1870	1763
"Gudveig"	367	356	340	325	315	301	294	286	276	266	252
"Gun"	357	358	353	356	352	348	341	342	392	388	385
"Gunda"	300	282	269	263	248	237	228	219	212	203	.
"Gunhild"	3673	3583	3506	3420	3333	3260	3189	3121	3065	2990	2924
"Gunlaug"	244	235	224	219	211	205	200	.	.	.	.
"Gunn"	9141	9107	9063	9022	8975	8924	8877	8827	9618	9553	9493
"Gunnbjørg"	346	341	336	332	324	317	307	306	302	294	290
"Gunnhild"	1171	1162	1149	1134	1122	1105	1095	1083	1078	1058	1049
"Gunnlaug"	423	414	403	395	383	377	365	354	341	331	320
"Gunnvor"	602	587	568	550	534	519	506	490	471	450	428
"Gunvor"	4621	4429	4232	4054	3870	3672	3492	3307	3151	2989	2820
"Guri"	2322	2301	2275	2251	2230	2206	2186	2160	2168	2139	2102
"Guro"	4143	4132	4153	4168	4161	4158	4154	4154	4172	4171	4173
"Gyda"	402	395	392	385	379	373	374	373	385	389	384
"Gøril"	959	962	960	960	961	961	958	956	953	949	943
"Hafsa"	.	204	217	226	240	242	248	252	254	267	271
"Hailey"	.	.	.	.	.	.	.	.	.	229	259
"Hala"	.	.	.	.	.	.	205	221	235	244	255
"Haldis"	1537	1473	1424	1371	1308	1258	1202	1136	1091	1048	990
"Halima"	262	275	293	307	328	340	344	349	352	349	361
"Halldis"	570	563	549	540	528	519	507	493	477	458	447
"Halyna"	.	.	.	.	.	.	.	.	.	266	502
"Hamdi"	.	.	.	200	.	200	203	200	.	.	.
"Hana"	313	325	349	367	392	413	424	433	453	477	489
"Hanan"	225	238	265	296	314	331	333	333	341	349	358
"Hanna"	6500	6650	6771	6894	7010	7138	7271	7376	7598	8032	8408
"Hannah"	3034	3141	3229	3322	3425	3527	3617	3703	3792	3858	3943
"Hanne"	15349	15351	15335	15317	15296	15276	15258	15233	15779	15737	15697
"Harriet"	718	706	687	677	663	659	656	646	646	641	632
"Hatice"	252	253	249	249	247	245	250	259	261	268	277
"Hedda"	4494	4700	4906	5099	5306	5509	5723	5965	6280	6503	6733
"Hedvig"	1060	1092	1103	1129	1158	1206	1271	1396	1552	1744	1919
"Hege"	12989	12974	12960	12942	12914	12894	12877	12857	13041	13022	12999
"Heidi"	15819	15813	15814	15798	15789	15767	15724	15719	15871	15846	15819
"Helen"	2751	2767	2770	2795	2814	2821	2824	2820	2621	2805	2801
"Helena"	1943	2026	2072	2130	2172	2244	2304	2345	2408	2460	2509
"Helene"	10846	10890	10913	10935	10946	10963	10982	11021	11025	11059	11069
"Helga"	3987	3867	3734	3615	3506	3414	3320	3231	3169	3038	2932
"Helin"	.	.	.	.	.	.	.	201	204	214	225
"Helle"	2593	2636	2679	2729	2766	2821	2847	2883	2954	2992	3025
"Hennie"	351	402	449	532	593	674	752	851	972	1087	1248
"Henny"	1511	1498	1482	1473	1451	1430	1436	1425	1429	1416	1405
"Henriette"	4920	4957	4976	4985	4987	4994	4995	5009	5027	5030	5021
"Henrikke"	293	299	306	310	312	310	311	313	317	322	321
"Herborg"	398	389	378	363	347	335	322	309	293	284	270
"Herdis"	775	764	746	729	715	696	680	656	642	621	600
"Hermine"	663	760	836	909	980	1050	1113	1200	1326	1451	1566
"Hiba"	.	.	.	.	.	.	211	219	231	247	260
"Hild"	294	293	291	291	287	285	284	280	299	297	295
"Hilda"	774	744	717	685	661	643	627	611	595	571	553
"Hilde"	18219	18215	18181	18156	18116	18075	18029	17994	18284	18247	18201
"Hildegunn"	1893	1892	1887	1878	1864	1864	1861	1857	1854	1840	1835
"Hildur"	1383	1310	1253	1195	1131	1086	1035	987	933	869	831
"Hjørdis"	2047	1924	1800	1680	1581	1476	1383	1296	1197	1129	1063
"Hodan"	.	.	.	.	201	201	202	203	202	.	.
"Hong"	203	201	.	204	208	210	216	215	222	217	217
"Huda"	.	.	.	.	.	.	203	207	211	223	236
"Hulda"	300	299	291	280	273	268	264	256	248	234	230
"Iben"	937	1032	1144	1291	1489	1653	1818	2007	2247	2514	2770
"Ida"	18117	18395	18582	18769	18956	19088	19250	19423	20345	20488	20592
"Idun"	621	622	628	634	635	639	649	662	679	685	686
"Idunn"	389	401	407	415	425	435	440	444	447	458	465
"Ieva"	241	269	285	288	303	316	324	340	345	358	351
"Ilona"	303	329	345	354	354	356	364	367	373	420	471
"Iman"	388	413	434	483	519	544	563	575	610	631	657
"Ina"	3127	3158	3172	3195	3208	3218	3233	3246	3395	3412	3430
"Ine"	2016	2044	2074	2100	2137	2171	2196	2222	2367	2399	2422
"Ines"	273	304	333	338	356	361	369	380	373	417	435
"Inga"	2924	2900	2882	2854	2804	2790	2773	2740	2843	2820	2793
"Inge"	216	214	216	212	204	201	.	.	229	217	212
"Ingebjørg"	3800	3702	3577	3481	3394	3287	3187	3089	3008	2904	2831
"Ingeborg"	7477	7379	7238	7139	7056	6986	6909	6841	6800	6726	6636
"Ingelin"	432	435	441	448	447	448	448	450	456	458	458
"Inger"	31528	31052	30565	30069	29524	28995	28481	27935	30530	29897	29235
"Inger-Johanne"	580	580	568	563	555	545	533	523	.	.	.
"Inger-Lise"	1332	1328	1319	1316	1296	1285	1283	1267	.	.	.
"Inger-Marie"	320	316	311	310	304	298	295	291	.	.	.
"Ingerid"	510	507	494	489	486	483	480	477	478	473	465
"Ingfrid"	531	525	511	505	499	490	481	474	467	457	442
"Inghild"	256	255	256	255	255	256	247	246	243	241	241
"Ingjerd"	1298	1280	1268	1252	1235	1218	1201	1189	1176	1151	1136
"Ingri"	408	411	408	414	410	410	411	413	417	417	420
"Ingrid"	24786	24755	24684	24638	24550	24425	24394	24333	24492	24414	24345
"Ingrida"	.	.	.	.	.	.	.	200	.	200	.
"Ingun"	626	622	622	617	617	613	609	604	600	596	589
"Ingunn"	5995	5997	5986	5972	5948	5913	5889	5867	5858	5824	5788
"Ingvil"	255	253	253	253	253	255	255	255	254	253	253
"Ingvild"	6155	6188	6202	6207	6232	6263	6287	6306	6354	6364	6381
"Ingvill"	891	890	890	891	890	890	895	895	899	901	897
"Inna"	.	.	.	.	.	.	.	.	.	384	592
"Iqra"	.	.	.	.	.	202	211	216	230	237	244
"Iren"	1127	1131	1127	1118	1118	1120	1119	1120	1079	1122	1117
"Irena"	280	295	310	319	324	327	340	344	355	355	362
"Irene"	8130	8066	8021	7952	7871	7789	7716	7652	7604	7518	7435
"Irina"	875	921	943	954	962	996	1014	1017	1051	1137	1161
"Iris"	1424	1480	1527	1573	1602	1654	1710	1779	1869	1938	2007
"Irma"	428	441	441	437	437	437	438	440	444	442	442
"Irmelin"	449	459	463	471	473	469	471	472	478	483	484
"Iryna"	.	.	.	.	.	202	218	214	215	965	1611
"Isa"	213	225	236	247	259	268	272	278	303	312	316
"Isabel"	1452	1511	1564	1590	1633	1663	1701	1713	1736	1756	1784
"Isabell"	1297	1378	1424	1471	1514	1549	1573	1594	1627	1647	1665
"Isabella"	1281	1422	1527	1621	1714	1805	1872	1942	2019	2085	2159
"Isabelle"	863	905	948	984	1016	1047	1063	1078	1090	1114	1138
"Iselin"	2896	2925	2937	2954	2962	2977	2981	2993	3025	3031	3036
"Ivana"	.	.	226	250	282	298	325	345	359	377	386
"Iwona"	467	485	509	514	526	533	542	550	569	588	600
"Izabela"	382	417	450	473	479	492	502	507	512	535	544
"Jacqueline"	247	252	259	256	262	270	271	277	281	285	293
"Jamila"	.	.	205	218	228	234	238	245	252	257	257
"Jana"	342	377	402	446	482	511	526	539	559	577	600
"Jane"	2385	2379	2374	2369	2366	2367	2364	2360	2394	2398	2388
"Janet"	411	406	408	408	406	403	410	412	419	422	426
"Janicke"	561	559	558	558	559	557	555	557	557	559	556
"Janina"	.	.	.	.	202	.	.	.	.	200	203
"Janita"	255	256	253	254	253	256	255	254	257	256	257
"Janne"	7410	7407	7391	7385	7375	7353	7341	7319	7535	7506	7491
"Janniche"	208	208	208	207	208	208	207	207	207	206	204
"Jannicke"	1978	1980	1974	1971	1967	1969	1968	1967	1971	1969	1969
"Jannike"	666	668	667	664	664	661	663	664	667	665	664
"Jasmin"	397	424	437	455	472	495	518	523	542	551	564
"Jasmina"	.	201	215	220	229	235	240	246	256	255	262
"Jasmine"	.	.	.	208	225	239	246	263	280	286	289
"Jeanett"	822	824	823	821	820	819	819	817	818	817	815
"Jeanette"	3945	3947	3929	3927	3917	3917	3928	3928	3951	3948	3943
"Jelena"	388	425	449	491	513	553	583	599	617	637	651
"Jenni"	.	.	.	.	.	.	.	210	220	219	229
"Jennie"	302	312	330	335	342	349	368	380	404	415	431
"Jennifer"	683	690	709	726	740	762	786	797	812	827	828
"Jenny"	6627	6769	6892	6999	7091	7230	7356	7429	7663	7743	7835
"Jessica"	859	891	915	952	981	997	1030	1045	1070	1097	1127
"Jette"	200	202	204	201	.	202	203	200	.	.	.
"Jill"	520	516	513	504	503	502	503	504	596	596	599
"Joan"	209	212	218	215	215	211	217	208	203	203	204
"Joanna"	1012	1112	1200	1229	1259	1274	1316	1329	1360	1393	1415
"Jofrid"	428	417	413	404	401	394	387	381	376	368	361
"Johanna"	2310	2365	2423	2437	2448	2494	2545	2585	2639	2677	2696
"Johanne"	4890	4933	4955	4993	5016	5042	5088	5119	5200	5263	5320
"Jolanta"	547	587	627	628	651	654	659	664	679	681	689
"Jorid"	973	964	957	947	936	927	914	898	888	872	855
"Jorun"	3110	3045	3001	2945	2889	2837	2771	2707	2658	2596	2534
"Jorunn"	10476	10353	10224	10061	9895	9733	9583	9415	9277	9082	8880
"Josefine"	1599	1691	1782	1877	1986	2109	2224	2332	2454	2568	2692
"Josephine"	370	387	398	417	435	452	462	487	491	525	541
"Judit"	297	290	289	282	276	269	259	255	248	241	238
"Judith"	1768	1735	1694	1658	1618	1581	1541	1502	1467	1426	1394
"Julia"	3257	3472	3658	3799	3921	4080	4232	4357	4532	4676	4816
"Juliana"	.	.	.	.	.	203	217	225	229	230	244
"Juliane"	442	445	447	453	458	461	467	470	482	486	486
"Julianne"	739	740	751	759	762	762	758	766	768	768	771
"Julie"	12055	12357	12568	12760	12907	13057	13210	13345	13569	13690	13785
"June"	2628	2637	2640	2646	2654	2666	2676	2690	2778	2790	2795
"Juni"	389	394	399	396	400	403	414	424	440	452	473
"Jurgita"	257	291	297	291	298	303	300	302	305	308	308
"Justyna"	482	547	593	623	643	652	669	672	692	701	722
"Kaia"	1012	1032	1047	1068	1095	1133	1148	1181	1240	1282	1315
"Kaisa"	503	510	528	537	546	553	557	559	578	586	599
"Kaja"	3631	3710	3781	3858	3929	4041	4134	4227	4339	4431	4503
"Kajsa"	422	441	450	462	464	466	478	488	506	514	523
"Kamila"	368	403	427	454	487	491	499	512	525	565	600
"Kamilla"	2187	2209	2226	2251	2260	2270	2292	2304	2318	2328	2339
"Karen"	6796	6683	6555	6431	6333	6227	6128	6039	6160	6047	5968
"Kari"	26897	26589	26224	25918	25592	25249	24837	24491	25139	24684	24242
"Kari-Anne"	516	517	518	517	516	515	515	515	.	.	.
"Karianne"	2588	2591	2584	2590	2590	2589	2591	2592	2600	2599	2600
"Karin"	13024	12873	12690	12445	12211	12011	11778	11545	11361	11089	10841
"Karina"	2912	2955	2975	2975	2989	3004	3031	3034	3057	3112	3178
"Karine"	903	905	907	911	918	920	916	913	911	920	919
"Karla"	260	262	262	272	285	293	302	303	329	352	358
"Karolina"	847	990	1061	1105	1170	1215	1264	1297	1359	1450	1520
"Karoline"	7097	7155	7202	7229	7260	7290	7316	7340	7365	7376	7381
"Katarina"	967	1001	1027	1036	1054	1072	1082	1098	1106	1127	1125
"Katarzyna"	1380	1530	1653	1700	1724	1729	1753	1767	1840	1869	1900
"Kate"	1279	1285	1281	1285	1278	1278	1275	1270	1298	1295	1284
"Katerina"	.	.	.	.	.	.	.	.	.	206	228
"Kateryna"	.	.	.	.	.	.	.	.	.	739	1170
"Katharina"	696	703	700	706	704	717	713	712	723	731	734
"Kathe"	357	350	343	341	342	338	330	328	335	329	324
"Katherine"	.	.	.	.	.	209	227	232	243	247	247
"Kathinka"	250	255	259	261	261	262	262	262	264	261	261
"Kathrin"	245	246	248	245	246	246	250	248	252	253	254
"Kathrine"	3098	3101	3113	3113	3110	3109	3111	3121	3129	3119	3108
"Katinka"	387	393	394	401	399	397	393	395	396	394	397
"Katja"	470	481	489	493	502	513	521	527	546	558	568
"Katrin"	508	510	526	531	523	518	516	517	521	521	515
"Katrina"	.	.	.	200	204	210	213	217	223	234	237
"Katrine"	4633	4654	4647	4652	4661	4654	4648	4665	4668	4660	4658
"Kaya"	.	.	.	.	.	.	.	.	.	207	215
"Kelly"	.	.	.	.	.	.	204	213	222	226	232
"Kerstin"	484	490	481	487	482	475	471	468	458	455	448
"Khadija"	328	342	364	408	441	478	494	509	523	536	561
"Kim"	577	579	588	586	594	609	612	619	649	655	662
"Kine"	4153	4160	4163	4164	4175	4176	4171	4181	4293	4282	4286
"Kinga"	253	284	308	313	319	324	336	350	375	394	419
"Kira"	.	.	.	.	.	.	204	212	227	313	408
"Kirsten"	8329	8172	7998	7835	7656	7488	7331	7166	7014	6822	6651
"Kirsti"	4444	4418	4395	4370	4345	4320	4284	4249	4231	4197	4156
"Kitty"	677	660	629	599	573	551	530	509	497	484	472
"Kjellaug"	2054	1994	1946	1891	1833	1788	1727	1658	1591	1516	1452
"Kjellfrid"	485	470	459	449	440	431	413	398	386	373	362
"Kjellrun"	501	487	474	460	451	438	418	407	395	378	367
"Kjersti"	7568	7568	7553	7541	7524	7500	7480	7459	7466	7430	7412
"Kjerstin"	643	642	643	641	638	642	637	636	640	636	637
"Klara"	2365	2281	2233	2190	2136	2128	2109	2089	2124	2149	2154
"Klaudia"	275	311	344	363	385	409	417	427	460	499	542
"Kornelia"	317	349	389	430	455	489	529	555	581	621	653
"Kristel"	205	210	214	223	222	222	219	222	223	223	222
"Kristi"	722	710	692	675	660	637	623	607	605	597	581
"Kristiane"	530	541	543	545	544	546	547	548	550	552	555
"Kristin"	17155	17179	17159	17165	17129	17122	17100	17088	17083	17061	17027
"Kristina"	4292	4385	4441	4481	4502	4509	4558	4569	4607	4686	4765
"Kristine"	11465	11435	11413	11380	11337	11307	11265	11247	11216	11192	11153
"Krystyna"	216	227	228	240	241	242	240	239	240	265	286
"Kseniia"	.	.	.	.	.	.	.	.	.	.	240
"Laila"	11260	11170	11093	11015	10918	10816	10682	10554	10510	10351	10183
"Lajla"	262	252	248	246	243	240	239	237	235	230	226
"Lana"	244	266	290	328	363	398	424	451	476	504	526
"Lara"	296	337	366	397	423	458	494	537	590	635	684
"Larisa"	.	.	.	.	.	205	210	215	231	249	258
"Larysa"	.	.	.	.	.	.	.	.	.	244	404
"Laura"	1600	1674	1749	1807	1855	1919	1999	2049	2157	2228	2319
"Lea"	1512	1600	1662	1735	1797	1876	1965	2056	2177	2304	2409
"Leah"	2463	2700	2955	3170	3366	3597	3790	3998	4329	4561	4791
"Leikny"	230	225	221	218	218	216	208	203	200	.	.
"Leila"	398	416	418	426	437	445	453	469	474	499	507
"Lejla"	.	.	.	.	.	.	.	.	.	203	208
"Lena"	6403	6483	6537	6573	6627	6642	6680	6706	6871	6904	6930
"Lene"	9869	9862	9848	9837	9825	9806	9801	9790	9974	9958	9942
"Leni"	248	260	262	265	272	273	281	283	291	296	305
"Leona"	293	322	367	384	406	432	453	473	499	520	543
"Leonora"	408	455	509	574	638	685	734	785	840	892	950
"Lerke"	.	.	.	.	.	.	.	.	.	.	212
"Leyla"	217	226	227	231	238	253	264	269	279	288	305
"Liana"	.	.	.	.	.	211	227	250	285	317	351
"Lidia"	250	274	286	291	306	312	333	341	353	365	376
"Lilian"	284	290	293	296	299	309	306	304	309	308	314
"Liliana"	.	209	246	261	282	302	326	336	354	377	393
"Liliia"	.	.	.	.	.	.	.	.	.	.	278
"Lilja"	433	485	533	567	591	625	649	680	731	743	762
"Lill"	3104	3084	3072	3045	3028	3013	2989	2964	3965	3933	3903
"Lilli"	488	508	530	557	571	578	586	601	674	683	691
"Lillian"	6265	6195	6141	6083	6019	5956	5866	5783	5719	5636	5556
"Lilly"	2704	2794	2896	2984	3080	3174	3244	3295	3471	3541	3618
"Lily"	309	360	412	454	497	545	587	619	683	726	781
"Lin"	438	435	435	439	452	461	467	471	505	508	509
"Lina"	2562	2629	2718	2786	2853	2922	2968	3009	3102	3185	3259
"Linda"	15080	15078	15045	15033	15036	15046	15048	15028	15197	15185	15166
"Lindis"	263	262	261	260	261	261	259	257	260	259	258
"Line"	10051	10080	10089	10082	10080	10077	10072	10071	10233	10229	10216
"Linea"	671	715	743	772	804	825	841	862	790	896	911
"Linn"	8383	8394	8403	8403	8403	8399	8387	8400	9421	9421	9412
"Linnea"	3865	4150	4384	4599	4768	4944	5114	5290	4884	5591	5757
"Lisa"	4903	4963	5019	5050	5057	5107	5141	5187	5437	5450	5489
"Lisbet"	819	814	806	801	793	793	792	786	784	780	772
"Lisbeth"	5841	5825	5801	5782	5758	5738	5707	5673	5651	5619	5560
"Lise"	8736	8735	8724	8722	8693	8677	8656	8628	9100	9061	9019
"Liss"	680	679	674	673	672	669	672	672	811	805	799
"Liubov"	.	.	.	.	.	.	.	.	.	254	444
"Liudmyla"	.	.	.	.	.	.	.	.	.	556	944
"Liv"	24149	23908	23664	23402	23096	22803	22508	22150	22706	22339	21972
"Liva"	331	355	377	397	420	445	478	509	557	595	638
"Live"	2261	2399	2539	2693	2858	2991	3156	3348	3534	3690	3821
"Livia"	.	.	.	.	.	207	218	243	276	305	327
"Liz"	222	224	222	224	225	221	222	226	271	273	271
"Liza"	.	.	.	.	.	210	216	220	232	237	249
"Lone"	1328	1356	1372	1398	1417	1434	1445	1462	1498	1509	1525
"Lorena"	.	.	.	.	.	.	.	.	.	.	209
"Lotta"	439	481	506	547	578	616	639	668	709	745	772
"Lotte"	1565	1649	1720	1785	1856	1903	1961	2012	2106	2179	2236
"Louisa"	.	.	.	.	.	.	.	.	.	210	222
"Louise"	1472	1546	1629	1693	1748	1801	1868	1951	2068	2164	2234
"Lovise"	835	850	855	871	876	875	877	887	904	908	919
"Lucia"	225	246	251	270	276	291	303	318	361	369	390
"Lucy"	.	202	213	224	243	271	287	315	335	350	366
"Luna"	532	590	682	763	862	977	1077	1184	1328	1492	1642
"Lydia"	589	616	645	681	709	742	759	783	804	841	870
"Lykke"	580	659	744	815	878	930	996	1046	1141	1206	1264
"Ma"	257	263	283	299	311	326	342	328	320	344	359
"Madeleine"	1921	1959	2008	2051	2073	2099	2118	2147	2171	2186	2206
"Madelen"	1672	1737	1801	1858	1911	1958	1997	2035	1954	2095	2119
"Madelene"	264	265	265	266	266	266	268	267	259	269	270
"Madina"	.	.	.	.	.	.	.	.	.	209	213
"Magda"	456	447	426	409	392	363	345	325	319	311	303
"Magdalena"	1299	1422	1518	1571	1616	1630	1657	1684	1746	1788	1824
"Magna"	350	327	303	285	269	258	237	224	210	.	.
"Magnhild"	3148	3025	2932	2814	2712	2592	2495	2382	2285	2184	2099
"Magni"	342	341	340	336	337	338	337	340	338	335	330
"Magny"	415	409	403	397	388	378	373	357	347	335	321
"Mai"	1410	1406	1395	1396	1388	1398	1396	1409	2059	2053	2046
"Mai-Britt"	233	237	237	237	233	236	232	230	.	.	.
"Maia"	733	777	809	848	885	914	957	1021	1078	1124	1165
"Maiken"	2115	2163	2210	2271	2327	2386	2421	2466	2525	2568	2604
"Maj"	508	506	499	494	491	485	484	487	748	743	737
"Maja"	4381	4641	4881	5084	5283	5487	5645	5849	6070	6242	6432
"Malak"	.	.	.	.	.	.	.	208	228	251	264
"Malena"	257	260	265	269	283	286	286	290	292	293	296
"Malene"	2573	2614	2640	2668	2687	2707	2732	2750	2763	2777	2789
"Malgorzata"	942	1007	1084	1100	1124	1131	1140	1144	1156	1193	1197
"Mali"	744	790	817	847	874	910	916	929	960	983	994
"Malika"	.	.	.	.	206	206	213	216	217	227	235
"Malin"	9466	9618	9731	9795	9884	9937	9977	10010	10088	10115	10143
"Manuela"	.	.	.	.	.	.	.	.	.	.	204
"Maren"	6450	6502	6539	6579	6610	6638	6654	6662	6781	6788	6801
"Margaret"	1068	1057	1043	1042	1028	1019	1010	1001	996	982	972
"Margareth"	1123	1103	1086	1079	1074	1053	1038	1019	1007	991	977
"Margarita"	232	242	254	257	268	278	282	281	286	307	313
"Margit"	3569	3397	3202	3013	2836	2684	2549	2391	2270	2153	2038
"Margot"	1260	1210	1161	1104	1051	1017	980	934	893	833	793
"Margrete"	1304	1294	1289	1278	1269	1256	1243	1237	1219	1210	1197
"Margrethe"	2896	2873	2839	2814	2789	2765	2739	2717	2702	2676	2649
"Margun"	298	296	294	293	290	287	286	285	281	274	267
"Margunn"	697	693	687	683	682	678	675	668	666	661	654
"Marharyta"	.	.	.	.	.	.	.	.	.	.	210
"Mari"	10351	10462	10576	10653	10717	10775	10864	10950	11659	11712	11757
"Mari-Ann"	341	336	336	332	331	330	326	327	.	.	.
"Maria"	18001	18400	18761	18962	19182	19381	19545	19708	20151	20442	20641
"Mariam"	655	690	736	805	861	908	942	966	1001	1044	1084
"Marian"	519	522	522	518	519	516	507	513	512	509	509
"Mariana"	.	224	234	244	256	264	283	292	309	369	433
"Mariann"	3195	3198	3198	3193	3187	3181	3176	3174	3168	3159	3150
"Marianna"	.	.	.	.	.	.	.	.	.	206	215
"Marianne"	17975	17936	17898	17866	17843	17787	17747	17716	17698	17642	17588
"Marie"	12382	12441	12454	12469	12466	12449	12457	12465	12779	12789	12822
"Mariel"	317	325	331	330	333	337	337	336	341	345	346
"Mariell"	1110	1147	1165	1184	1201	1209	1211	1220	1243	1253	1255
"Marielle"	866	885	897	915	921	931	941	949	949	959	968
"Mariia"	.	.	.	.	.	.	.	.	.	633	1103
"Marija"	273	294	329	357	385	407	443	451	467	479	488
"Marika"	.	.	.	.	.	.	.	.	.	211	211
"Marina"	1267	1318	1360	1398	1415	1446	1472	1498	1520	1584	1611
"Marion"	1935	1958	1957	1961	1963	1963	1955	1960	1962	1961	1958
"Marit"	26619	26339	26033	25721	25418	25097	24789	24472	24181	23781	23399
"Marita"	4452	4456	4451	4451	4457	4457	4455	4451	4472	4468	4461
"Marlen"	482	481	489	491	492	496	499	503	423	505	504
"Marlene"	1064	1070	1080	1086	1094	1101	1103	1107	1117	1119	1124
"Marry"	339	323	307	295	280	268	253	237	245	232	221
"Marta"	2710	2762	2778	2770	2770	2762	2762	2763	2815	2836	2873
"Marte"	8146	8178	8184	8189	8215	8232	8236	8251	8338	8344	8340
"Martha"	2485	2433	2352	2300	2239	2195	2148	2105	2098	2060	2017
"Marthe"	5379	5399	5400	5395	5396	5398	5390	5398	5485	5475	5468
"Marthine"	277	278	282	288	289	290	291	292	296	296	297
"Martina"	399	429	449	450	459	468	479	487	514	529	556
"Martine"	6956	7086	7188	7269	7340	7411	7490	7551	7605	7648	7676
"Martyna"	254	289	316	352	356	368	380	388	398	414	434
"Marwa"	.	.	.	.	231	255	270	291	314	326	336
"Mary"	4449	4308	4175	4027	3879	3720	3644	3488	3702	3606	3487
"Mary-Ann"	237	238	237	237	237	235	233	231	.	.	.
"Maryam"	672	722	768	815	872	920	982	1017	1054	1091	1137
"Maryan"	262	274	296	300	307	311	312	310	308	306	303
"Maryna"	.	.	.	.	.	.	.	.	.	453	749
"Marzena"	263	291	305	307	310	324	330	324	336	334	334
"Mathea"	1908	2032	2151	2281	2387	2464	2550	2611	2681	2744	2811
"Mathilda"	.	.	.	.	204	214	220	231	245	264	274
"Mathilde"	4243	4476	4633	4802	4935	5096	5232	5356	5470	5602	5734
"Matilda"	258	294	322	351	371	396	425	443	468	485	525
"Matilde"	1080	1141	1197	1248	1294	1348	1405	1442	1494	1544	1596
"Maud"	423	432	433	429	439	448	464	479	508	522	534
"May"	8956	8906	8853	8827	8764	8700	8638	8575	11509	11411	11330
"May-Britt"	1147	1140	1145	1141	1139	1138	1137	1133	.	.	.
"May-Liss"	264	263	258	259	258	259	256	257	.	.	.
"Maya"	1056	1143	1238	1343	1448	1538	1625	1688	1816	1880	1979
"Maylen"	.	200	202	202	201	202	203	204	.	203	201
"Medina"	.	.	.	.	.	.	202	216	225	238	259
"Melanie"	268	279	292	301	313	326	330	341	341	358	380
"Melina"	337	367	415	441	468	501	534	560	592	621	649
"Melinda"	229	234	241	242	246	248	253	254	258	266	265
"Melisa"	.	.	.	.	.	.	.	.	.	221	228
"Melissa"	856	901	936	980	1016	1062	1092	1134	1172	1209	1228
"Merete"	5143	5136	5115	5107	5099	5082	5071	5068	5058	5050	5043
"Merethe"	2454	2453	2455	2452	2451	2443	2441	2444	2442	2438	2430
"Mette"	9747	9725	9700	9673	9641	9605	9586	9548	9709	9665	9618
"Mia"	5602	5871	6144	6389	6590	6839	7066	7271	7679	7895	8160
"Michaela"	.	209	212	214	217	217	221	220	235	239	244
"Michelle"	2117	2175	2233	2288	2332	2373	2392	2404	2445	2474	2502
"Mie"	1107	1294	1400	1511	1592	1659	1735	1838	2031	2168	2296
"Mihaela"	.	.	.	.	.	.	.	.	.	230	236
"Mikaela"	.	.	.	.	.	.	.	.	.	205	208
"Mila"	.	.	214	265	323	375	444	501	586	654	721
"Milana"	.	.	.	.	.	.	.	.	.	271	368
"Mildrid"	744	731	709	688	661	638	617	598	584	564	554
"Milena"	307	342	383	410	434	457	475	482	504	532	568
"Milla"	854	925	992	1064	1112	1167	1197	1229	1274	1305	1327
"Mille"	1456	1579	1700	1818	1929	2025	2134	2233	2431	2534	2656
"Millie"	.	.	.	.	.	.	.	.	.	246	284
"Mimmi"	213	206	.	.	.	.	.	.	.	.	.
"Mina"	3502	3648	3759	3902	4010	4117	4193	4289	4450	4536	4648
"Mira"	681	719	765	803	855	893	935	985	1072	1132	1186
"Miranda"	.	.	.	201	206	211	217	219	225	225	225
"Miriam"	2852	2904	2951	2994	3025	3041	3066	3104	3160	3192	3222
"Mirjam"	482	488	479	484	483	483	487	483	488	488	486
"Molly"	289	303	335	355	376	401	409	423	452	475	494
"Mona"	12575	12556	12546	12526	12512	12513	12501	12467	12647	12612	12567
"Monica"	11808	11811	11812	11810	11802	11796	11788	11782	11817	11796	11784
"Monika"	3583	3709	3803	3849	3909	3930	3982	3996	4054	4075	4094
"Muna"	290	295	312	326	342	345	351	355	357	353	352
"My"	318	321	319	325	333	335	343	348	379	381	387
"Møyfrid"	331	327	325	324	320	316	314	308	305	301	298
"Målfrid"	2181	2126	2064	2007	1952	1891	1828	1774	1717	1632	1574
"Nada"	.	.	.	219	245	261	269	276	280	289	302
"Nadia"	1084	1136	1186	1233	1269	1301	1316	1347	1385	1434	1458
"Nadiia"	.	.	.	.	.	.	.	.	.	272	488
"Nadine"	233	247	255	268	270	271	289	295	311	320	318
"Nadja"	257	259	262	265	268	271	275	280	288	289	290
"Naima"	241	256	267	271	277	287	292	291	289	290	289
"Najma"	.	.	203	213	218	223	223	223	229	229	227
"Nancy"	911	916	908	891	883	871	870	870	865	862	856
"Nanna"	589	593	607	600	600	603	612	624	638	638	634
"Naomi"	361	391	432	457	491	534	569	599	662	712	742
"Natalia"	1490	1630	1751	1791	1858	1891	1970	2037	2105	2453	2739
"Natalie"	1828	1884	1936	1991	2029	2051	2074	2096	2128	2162	2171
"Nataliia"	.	.	.	.	.	.	.	.	.	882	1516
"Nataliya"	.	.	.	.	.	.	.	.	.	204	213
"Natasha"	263	267	280	283	284	286	290	292	299	308	314
"Nathalie"	1797	1875	1953	1993	2049	2091	2121	2148	2174	2196	2225
"Nelia"	.	.	.	.	.	.	.	.	.	270	318
"Nellie"	.	.	.	.	.	.	.	222	246	259	285
"Nelly"	1135	1124	1100	1103	1090	1068	1066	1061	1085	1088	1084
"Ngoc"	258	261	261	272	279	277	288	290	300	314	313
"Nicole"	544	569	591	596	610	624	648	663	688	705	712
"Nicoline"	483	516	562	599	633	656	673	707	734	758	784
"Nikola"	.	.	216	221	227	237	242	249	260	267	267
"Nikoline"	434	474	503	547	570	608	637	691	721	768	803
"Nina"	17873	17918	17942	17918	17922	17908	17911	17918	18123	18234	18346
"Ninni"	340	342	340	337	336	332	329	332	337	335	332
"Noelle"	.	.	.	.	.	.	.	.	.	250	285
"Noor"	257	282	311	338	370	402	431	473	521	545	601
"Nora"	8744	9147	9535	10029	10391	10717	11055	11423	11949	12257	12543
"Norah"	278	304	327	362	393	412	426	449	471	487	500
"Norma"	275	266	260	249	246	236	232	224	221	220	214
"Norunn"	874	864	860	845	838	826	818	813	820	811	790
"Nour"	.	.	.	.	239	270	284	302	314	336	363
"Nova"	.	.	.	.	211	252	293	348	412	475	525
"Oda"	5271	5452	5644	5808	5966	6106	6242	6396	6627	6736	6804
"Oddbjørg"	1674	1642	1600	1558	1513	1473	1428	1382	1336	1284	1226
"Oddfrid"	201	.	.	.	.	.	.	.	.	.	.
"Oddlaug"	804	783	750	720	692	656	632	602	559	517	492
"Oddny"	1890	1858	1820	1776	1721	1684	1640	1593	1553	1501	1457
"Oddrun"	1693	1672	1643	1610	1586	1557	1531	1498	1465	1416	1372
"Oddveig"	1294	1276	1249	1222	1191	1160	1132	1110	1087	1062	1036
"Oksana"	218	236	253	273	277	286	296	305	316	843	1230
"Olaug"	3290	3181	3061	2956	2866	2750	2644	2555	2476	2385	2301
"Olava"	.	.	.	208	238	255	275	290	316	342	369
"Olea"	259	291	321	351	367	406	436	467	501	526	548
"Oleksandra"	.	.	.	.	.	.	.	.	.	359	604
"Olena"	216	220	226	235	241	252	273	282	287	1370	2191
"Olga"	2907	2858	2770	2717	2661	2601	2544	2497	2446	2553	2554
"Olha"	.	.	.	.	.	.	.	.	.	700	1295
"Oline"	1181	1259	1336	1444	1546	1678	1791	1907	2018	2123	2236
"Olivia"	1587	1862	2218	2531	2856	3187	3509	3832	4205	4552	4905
"Oliwia"	269	306	323	347	356	357	367	376	384	401	421
"Othelie"	.	.	.	.	.	.	.	.	.	235	250
"Othilie"	251	288	334	358	398	440	483	514	555	589	622
"Otilie"	.	.	.	.	202	219	233	244	258	273	280
"Pamela"	.	.	.	.	.	.	.	.	.	208	222
"Patricia"	519	539	542	551	556	582	595	601	611	618	632
"Patrycja"	336	381	419	437	460	477	489	504	532	564	594
"Paula"	917	925	933	900	901	929	934	940	954	963	977
"Paulina"	537	617	683	727	761	797	822	855	901	940	986
"Pauline"	543	537	538	538	539	533	539	539	546	552	560
"Peggy"	335	323	316	311	308	304	298	293	293	288	283
"Pernille"	3618	3763	3858	3952	4049	4146	4217	4294	4392	4465	4535
"Petra"	1345	1339	1321	1311	1290	1278	1273	1259	1269	1273	1264
"Phuong"	210	216	218	219	219	214	222	228	231	231	228
"Pia"	3185	3241	3289	3334	3368	3421	3454	3501	3654	3697	3749
"Polina"	.	.	.	.	.	.	.	.	.	320	474
"Rabia"	.	.	.	.	202	210	218	224	233	238	246
"Rachel"	573	579	587	594	603	612	632	644	662	674	675
"Ragna"	1512	1463	1408	1364	1312	1277	1236	1203	1185	1170	1168
"Ragne"	276	279	280	279	278	277	282	275	282	283	283
"Ragnhild"	14047	13802	13556	13325	13087	12840	12570	12295	12071	11801	11574
"Ragni"	254	253	252	248	247	244	240	238	239	239	238
"Rahel"	.	.	.	.	.	201	204	211	221	224	232
"Rahma"	.	.	.	207	222	234	242	242	249	250	252
"Rakel"	1501	1504	1521	1520	1528	1545	1567	1563	1577	1595	1607
"Ramona"	441	452	467	466	470	473	474	473	495	491	493
"Rana"	.	.	.	.	.	.	206	207	215	232	236
"Randi"	17598	17330	17048	16759	16462	16180	15843	15507	15305	14960	14654
"Rania"	.	.	.	210	234	245	247	255	265	270	276
"Rannveig"	1167	1159	1142	1131	1112	1094	1085	1074	1066	1055	1037
"Ranveig"	1455	1429	1409	1391	1364	1341	1315	1287	1269	1233	1201
"Rasa"	276	310	316	317	322	327	332	330	336	344	348
"Rebecca"	2186	2224	2239	2259	2292	2318	2357	2380	2403	2416	2437
"Rebecka"	331	340	347	345	342	342	344	342	343	345	353
"Rebekka"	1995	2030	2057	2088	2097	2112	2128	2139	2153	2154	2154
"Regina"	380	390	403	403	408	417	418	425	430	434	429
"Regine"	849	851	856	854	859	857	862	874	888	887	891
"Reidun"	10673	10461	10223	9977	9727	9457	9195	8945	8703	8435	8140
"Reidunn"	564	556	549	540	534	529	523	505	489	473	466
"Renata"	585	637	659	660	674	684	688	689	697	731	764
"Renate"	4145	4144	4140	4135	4130	4124	4118	4119	4123	4114	4105
"Renathe"	303	305	305	306	304	304	305	303	304	303	301
"Renee"	288	295	300	304	303	301	296	294	.	295	293
"Rigmor"	3756	3695	3624	3555	3477	3386	3326	3229	3157	3070	2981
"Rikke"	2674	2718	2755	2785	2802	2820	2853	2894	2960	2982	3023
"Rina"	237	241	239	239	240	250	256	260	268	274	278
"Rita"	6632	6636	6645	6640	6644	6640	6617	6604	6651	6625	6587
"Ronja"	1833	1932	2020	2083	2152	2227	2315	2389	2514	2584	2668
"Rosa"	382	376	382	374	380	385	390	397	414	410	420
"Rose"	493	508	518	527	525	529	538	539	677	686	706
"Ruby"	.	.	.	.	.	.	.	.	.	210	225
"Runa"	1006	1031	1056	1066	1084	1097	1111	1127	1159	1181	1189
"Rut"	373	366	364	358	353	349	345	337	348	345	344
"Ruta"	206	224	241	256	267	275	288	290	290	307	310
"Ruth"	8651	8318	7992	7682	7391	7083	6812	6566	6465	6205	5977
"Rønnaug"	861	843	826	809	789	774	754	736	716	699	685
"Saba"	224	236	252	260	277	282	292	296	304	310	308
"Sabina"	263	280	285	297	309	326	332	344	348	361	376
"Sabine"	328	332	339	331	331	331	337	339	339	340	335
"Sabrina"	346	357	380	397	419	441	463	469	493	514	536
"Sadia"	256	264	264	267	267	273	272	273	288	298	303
"Safa"	.	.	.	.	.	.	.	.	.	202	208
"Safia"	.	.	.	203	205	212	227	233	241	247	249
"Saga"	285	364	449	566	680	824	969	1102	1273	1394	1516
"Sahar"	.	.	.	201	217	224	234	240	254	263	264
"Sahra"	354	365	371	374	382	378	376	372	373	368	364
"Saima"	.	.	.	.	.	202	205	206	207	213	216
"Sally"	.	.	.	.	.	.	.	.	.	204	203
"Salma"	353	376	396	417	449	469	476	483	505	518	533
"Samantha"	.	203	223	236	249	268	289	301	313	332	342
"Samira"	453	471	498	530	558	590	611	627	640	659	670
"Sana"	234	247	267	288	314	328	338	344	362	376	391
"Sandra"	5801	5922	5995	6032	6062	6100	6137	6156	6235	6280	6311
"Sanja"	.	.	.	.	.	.	205	209	211	218	222
"Sanna"	1055	1151	1259	1359	1450	1529	1602	1652	1740	1802	1873
"Sanne"	743	775	786	808	820	841	849	874	896	912	933
"Sara"	8820	9185	9553	9882	10150	10403	10638	10867	11258	11530	11755
"Sarah"	3366	3516	3660	3787	3899	4020	4112	4175	4339	4425	4516
"Savannah"	.	.	.	.	.	204	220	226	237	242	248
"Selam"	.	.	.	.	.	.	205	212	219	227	235
"Selina"	321	349	364	389	412	438	452	470	496	500	511
"Seline"	.	208	219	232	238	245	251	260	271	277	283
"Selma"	3168	3320	3484	3626	3834	3989	4217	4459	4732	4970	5214
"Senait"	.	.	.	212	228	235	242	244	254	260	269
"Serina"	219	228	234	245	251	259	266	274	281	286	293
"Serine"	323	339	353	359	376	385	392	403	406	411	416
"Sharon"	.	.	.	.	.	200	205	201	208	212	208
"Sheila"	.	.	.	.	.	.	201	205	207	206	208
"Shirin"	.	.	.	.	.	.	203	205	216	222	222
"Sidra"	.	.	.	.	204	238	254	265	292	314	329
"Sidsel"	2331	2309	2295	2281	2266	2244	2213	2190	2169	2140	2107
"Sienna"	206	252	283	322	347	381	410	450	494	531	570
"Sigfrid"	453	438	417	410	395	375	361	348	326	307	293
"Signe"	5891	5871	5804	5767	5740	5708	5700	5688	5798	5791	5800
"Signy"	761	737	722	707	682	666	646	631	620	606	586
"Sigrid"	7127	7120	7096	7058	7053	7075	7081	7098	7217	7247	7283
"Sigrun"	2763	2714	2687	2623	2573	2528	2483	2448	2400	2350	2302
"Sigrunn"	914	898	874	853	835	808	788	761	740	720	698
"Siham"	.	.	.	200	211	218	231	235	238	238	246
"Silja"	500	530	539	553	570	580	587	589	600	609	610
"Silje"	15468	15496	15519	15526	15538	15538	15541	15555	15838	15843	15833
"Silvia"	478	500	511	521	527	528	540	535	561	574	594
"Simona"	326	370	397	417	429	436	444	457	501	510	518
"Simone"	468	489	492	494	494	491	512	521	523	520	524
"Sina"	560	577	598	604	616	627	630	645	651	660	668
"Sine"	.	205	207	207	209	212	213	213	222	222	224
"Siren"	1035	1040	1045	1045	1049	1053	1051	1051	1051	1055	1051
"Siri"	8322	8336	8336	8347	8344	8355	8346	8341	8460	8446	8426
"Siril"	338	347	350	352	355	355	357	357	366	365	365
"Sissel"	10248	10192	10163	10101	10051	9993	9945	9861	9868	9805	9738
"Siv"	7229	7229	7213	7189	7176	7164	7138	7107	7614	7593	7574
"Siw"	2076	2071	2071	2080	2079	2078	2079	2081	2328	2321	2317
"Snefrid"	442	438	430	420	413	402	393	387	376	368	360
"Sofia"	2103	2366	2653	2927	3153	3372	3575	3802	4096	4393	4644
"Sofie"	6996	7323	7626	7907	8232	8484	8756	8999	9354	9605	9865
"Sofiia"	.	.	.	.	.	.	.	.	.	378	718
"Sofija"	.	.	.	.	.	.	.	208	222	235	249
"Sol"	486	509	525	540	561	575	594	610	679	694	720
"Solbjørg"	1466	1441	1417	1394	1371	1344	1325	1294	1262	1227	1184
"Solfrid"	3823	3788	3752	3721	3686	3644	3599	3570	3535	3482	3427
"Solgunn"	292	289	285	287	286	287	285	285	282	284	284
"Solrun"	374	375	373	371	370	367	362	361	364	366	362
"Solveig"	17716	17320	16860	16516	16168	15847	15493	15203	14981	14647	14381
"Solvor"	522	520	517	511	509	502	496	486	482	474	468
"Solvår"	434	429	426	424	423	424	426	424	420	419	414
"Sonia"	376	408	428	449	456	465	481	494	518	534	543
"Sonja"	4354	4348	4325	4315	4329	4376	4402	4428	4499	4533	4565
"Sophia"	627	740	843	937	1005	1076	1146	1240	1322	1393	1490
"Sophie"	865	922	978	1040	1101	1149	1207	1259	1322	1381	1427
"Stella"	789	866	960	1051	1105	1188	1253	1325	1440	1530	1621
"Stephanie"	437	451	460	463	478	487	507	514	523	544	545
"Stina"	1426	1443	1446	1461	1467	1472	1474	1480	1506	1509	1513
"Stine"	10873	10899	10914	10906	10893	10903	10898	10889	11148	11140	11126
"Sumaya"	.	.	200	212	230	242	255	262	266	273	283
"Sunniva"	4017	4110	4198	4258	4334	4400	4461	4518	4589	4622	4673
"Susan"	696	702	703	701	697	703	707	701	696	696	699
"Susann"	790	799	799	800	793	796	797	795	793	792	792
"Susanna"	348	359	365	370	372	371	380	380	388	401	399
"Susanne"	4322	4338	4332	4330	4325	4316	4321	4304	4300	4286	4272
"Suzanne"	343	349	350	349	348	347	346	347	349	350	353
"Svanhild"	2420	2364	2308	2252	2185	2130	2070	2006	1951	1869	1800
"Svetlana"	623	645	680	687	690	700	707	724	722	750	757
"Svitlana"	.	.	.	.	.	.	.	.	.	790	1300
"Syeda"	.	.	.	.	.	.	.	.	.	216	235
"Sylvi"	1224	1211	1199	1188	1181	1171	1157	1143	1151	1144	1126
"Sylvia"	1179	1165	1157	1149	1139	1124	1107	1104	1102	1089	1065
"Sylwia"	501	556	605	613	625	640	652	648	671	662	679
"Synne"	3683	3772	3846	3925	3980	4058	4095	4139	4230	4282	4347
"Synnøve"	6552	6456	6358	6275	6177	6092	5991	5884	5795	5675	5595
"Synøve"	556	541	529	521	512	504	501	488	482	474	466
"Sølvi"	3630	3606	3585	3572	3550	3536	3522	3487	3510	3485	3461
"Tale"	519	543	555	567	586	596	612	620	633	644	656
"Tamara"	334	348	362	374	380	392	405	415	431	550	638
"Tanja"	1316	1338	1349	1354	1360	1365	1376	1375	1399	1403	1403
"Tanya"	264	275	286	293	295	298	302	302	313	317	321
"Tara"	421	433	455	472	485	505	520	546	580	593	613
"Tatiana"	592	613	620	635	648	662	677	686	695	730	736
"Tatjana"	375	395	409	408	407	406	419	422	420	426	424
"Tea"	397	412	424	432	446	456	463	469	477	490	494
"Teresa"	431	441	437	449	455	455	464	458	473	467	469
"Terese"	722	724	719	725	722	723	718	715	711	711	711
"Tetiana"	.	.	.	.	.	.	.	.	.	1097	1892
"Thale"	686	720	760	800	843	893	949	1004	1071	1127	1188
"Thanh"	250	251	254	254	251	250	252	252	258	256	252
"Thea"	9539	9867	10101	10351	10574	10761	10919	11111	11556	11700	11831
"Thelma"	342	367	391	404	424	446	472	492	529	563	592
"Theresa"	259	259	267	275	282	291	292	296	309	312	312
"Therese"	6200	6221	6224	6229	6229	6221	6228	6221	6225	6239	6235
"Thi"	947	946	977	1023	1120	1204	1270	1276	1273	1312	1365
"Thilde"	.	.	.	.	209	226	234	243	253	264	272
"Thora"	425	403	388	370	360	356	345	339	332	327	321
"Thordis"	263	249	239	225	213	.	.	.	.	.	.
"Thu"	216	217	212	210	218	216	216	213	221	226	226
"Thuy"	270	268	267	268	267	268	270	276	290	294	292
"Tia"	209	230	245	261	274	290	309	316	348	364	368
"Tilde"	758	820	876	922	963	1008	1062	1098	1146	1188	1229
"Tilla"	.	.	.	.	.	204	214	220	231	241	250
"Tina"	5192	5211	5220	5235	5229	5233	5244	5260	5375	5370	5371
"Tine"	2183	2190	2184	2194	2195	2194	2189	2194	2254	2254	2256
"Tiril"	2725	2938	3158	3415	3609	3815	4044	4285	4573	4767	4936
"Tirill"	220	229	241	253	260	267	267	273	280	284	285
"Tomine"	786	826	881	940	1015	1070	1132	1211	1297	1399	1494
"Tone"	15005	14973	14937	14881	14824	14779	14722	14682	15036	14967	14907
"Tonje"	6800	6808	6803	6794	6797	6784	6784	6774	6844	6842	6829
"Tora"	1827	1819	1802	1786	1777	1779	1775	1771	1814	1803	1796
"Torbjørg"	1246	1202	1152	1116	1074	1028	988	940	894	847	820
"Tordis"	2183	2102	2014	1936	1843	1752	1681	1602	1516	1447	1377
"Torgunn"	597	591	586	578	569	557	545	539	534	527	514
"Torhild"	2683	2665	2647	2625	2603	2584	2558	2530	2507	2479	2452
"Tori"	.	.	.	.	.	.	.	.	.	202	202
"Toril"	4187	4165	4145	4132	4123	4104	4078	4038	4026	3983	3948
"Torild"	1918	1908	1889	1878	1856	1844	1826	1809	1792	1768	1742
"Torill"	6613	6598	6575	6545	6500	6461	6430	6387	6359	6291	6232
"Torun"	658	654	650	645	643	637	633	631	626	615	611
"Torunn"	4495	4485	4446	4410	4380	4351	4321	4287	4260	4214	4171
"Tove"	14685	14604	14528	14440	14342	14246	14126	14002	14110	13938	13804
"Trine"	9700	9708	9691	9664	9632	9614	9594	9576	10015	9986	9970
"Trine-Lise"	341	343	342	344	342	340	340	340	.	.	.
"Trude"	5022	5007	4996	4981	4977	4973	4958	4952	4979	4966	4948
"Turi"	413	411	409	403	399	395	393	386	398	395	393
"Turid"	11249	11126	11007	10872	10724	10589	10425	10269	10102	9913	9685
"Tuva"	4485	4674	4858	5055	5231	5414	5578	5744	5979	6103	6265
"Tyra"	346	362	371	388	394	404	420	431	449	452	462
"Ulla"	761	762	755	756	749	744	743	740	800	793	785
"Ulrikke"	617	631	645	662	668	672	681	695	710	727	736
"Una"	622	650	678	703	732	753	773	796	822	830	838
"Une"	.	.	201	204	207	210	212	217	221	225	228
"Unn"	1375	1358	1347	1340	1332	1321	1309	1297	1438	1417	1402
"Unni"	9464	9385	9311	9234	9135	9037	8918	8813	8804	8650	8536
"Urszula"	206	222	246	244	236	242	246	248	249	249	263
"Vaida"	.	.	.	.	.	206	204	214	217	215	211
"Valborg"	677	634	601	569	533	503	479	459	435	407	387
"Valentina"	447	468	495	516	536	560	590	599	625	684	714
"Valentyna"	.	.	.	.	.	.	.	.	.	391	652
"Valeria"	.	.	.	.	.	.	.	200	226	261	272
"Valeriia"	.	.	.	.	.	.	.	.	.	221	387
"Vanessa"	812	867	916	968	1002	1031	1078	1107	1145	1186	1215
"Vanja"	962	966	966	970	974	973	978	979	1001	1003	1001
"Vega"	.	.	.	.	.	.	.	.	.	.	212
"Venche"	323	319	312	305	306	300	295	288	289	288	285
"Venke"	797	797	795	795	790	792	785	778	781	778	771
"Vera"	2104	2120	2130	2143	2169	2170	2160	2175	2227	2246	2270
"Veronica"	3671	3696	3713	3713	3724	3731	3734	3752	3771	3790	3792
"Veronika"	1428	1444	1444	1457	1476	1486	1503	1507	1516	1720	1905
"Veslemøy"	590	592	598	605	608	610	609	608	612	619	619
"Vibecke"	419	419	420	421	419	418	419	420	421	419	418
"Vibeke"	4970	4972	4960	4946	4943	4929	4919	4906	4895	4883	4863
"Victoria"	5635	5850	6038	6199	6360	6525	6639	6764	6931	7027	7136
"Vida"	263	295	315	328	341	360	373	382	393	403	414
"Vigdis"	6160	6123	6093	6066	6019	5977	5932	5881	5820	5758	5710
"Viktoria"	1233	1306	1345	1386	1425	1460	1475	1502	1538	1581	1607
"Viktoriia"	.	.	.	.	.	.	.	.	.	641	1171
"Viktorija"	278	316	339	347	362	370	376	383	404	422	430
"Vilde"	7085	7317	7522	7736	7904	8069	8295	8488	8761	8908	9100
"Vilja"	501	561	610	678	760	859	937	998	1070	1117	1166
"Vilje"	227	262	298	335	386	432	453	485	518	544	589
"Vilma"	566	623	663	685	737	785	828	887	951	1005	1059
"Viola"	292	300	310	327	333	337	342	351	360	385	409
"Violeta"	.	202	212	211	221	227	235	245	254	275	294
"Vira"	.	.	.	.	.	.	.	.	.	.	226
"Vivi"	1034	1030	1027	1024	1013	1009	999	993	1170	1158	1146
"Vivian"	1693	1703	1708	1705	1700	1703	1704	1701	1696	1694	1690
"Vår"	215	223	229	238	244	257	261	264	280	290	299
"Vårin"	342	359	378	401	422	448	474	509	530	565	588
"Wanja"	222	222	222	221	222	221	223	222	227	227	228
"Wenche"	14229	14165	14105	14006	13922	13826	13733	13621	13614	13463	13310
"Wencke"	216	214	213	213	207	202	200	.	.	.	.
"Wendy"	242	238	246	248	253	256	259	262	262	265	265
"Wenke"	406	401	399	395	394	394	392	389	385	382	381
"Weronika"	250	274	293	302	299	309	325	326	345	364	396
"Wigdis"	256	260	261	262	262	258	256	256	260	257	252
"Wiktoria"	378	410	451	463	472	476	486	499	510	540	568
"Wilma"	358	382	417	442	485	529	576	617	668	700	750
"X"	200	216	215	205	.	.	.	.	.	.	.
"Yana"	.	.	.	.	.	.	.	.	.	262	395
"Yasmin"	503	531	555	594	624	650	673	691	709	749	776
"Yelyzaveta"	.	.	.	.	.	.	.	.	.	.	333
"Yevheniia"	.	.	.	.	.	.	.	.	.	.	255
"Ylva"	1215	1287	1371	1478	1607	1719	1827	1917	2046	2164	2288
"Yngvild"	279	282	283	282	280	277	277	278	279	279	281
"Yordanos"	.	.	.	.	.	.	.	.	.	.	204
"Yuliia"	.	.	.	.	.	.	.	.	.	624	1131
"Yusra"	.	.	.	.	.	.	.	.	.	.	208
"Yvonne"	1795	1803	1805	1802	1802	1796	1805	1795	1806	1802	1809
"Zahra"	618	648	691	744	787	818	840	855	886	918	954
"Zainab"	319	331	349	379	420	438	459	472	486	519	550
"Zara"	.	210	232	253	275	291	307	322	338	348	366
"Zeinab"	.	.	.	.	.	204	208	214	219	226	236
"Zoe"	.	.	.	.	.	.	.	219	223	275	291
"Zofia"	.	209	226	250	272	282	300	309	334	356	373
"Zuzanna"	292	346	386	414	442	465	479	484	509	534	561
"Ågot"	532	510	479	456	435	409	382	366	353	333	310
"Åsa"	651	658	659	664	671	679	684	702	720	721	743
"Åse"	10638	10452	10285	10136	9974	9826	9695	9562	9733	9539	9356
"Åshild"	3123	3109	3088	3066	3051	3023	2993	2972	2956	2927	2888
"Åslaug"	374	362	354	345	341	337	329	322	319	312	303
"Åsne"	635	640	648	655	659	663	664	673	685	689	697
"Åsta"	713	691	673	662	633	620	602	592	583	579	566
